seed,method,metric,value
0,fiq_fm_block,sliced_w2,0.04321076026977781
1,fiq_fm_block,sliced_w2,0.0375819143436942
2,fiq_fm_block,sliced_w2,0.036011904363717186
3,fiq_fm_block,sliced_w2,0.04091505348875098
4,fiq_fm_block,sliced_w2,0.04206690059877663
0,fiq_fm_block,mmd2,0.00042376470802785127
1,fiq_fm_block,mmd2,0.0007304527774396601
2,fiq_fm_block,mmd2,0.0
3,fiq_fm_block,mmd2,0.00010404705378053136
4,fiq_fm_block,mmd2,0.0009218242199151576
0,fiq_fm_block,energy,0.002391184204421748
1,fiq_fm_block,energy,0.0029762291922428292
2,fiq_fm_block,energy,0.0008648007993719002
3,fiq_fm_block,energy,0.0018154413211819436
4,fiq_fm_block,energy,0.004221317983079676
0,fiq_fm_block,cov_error,0.0405930698004035
1,fiq_fm_block,cov_error,0.0385847780456052
2,fiq_fm_block,cov_error,0.04571225188049773
3,fiq_fm_block,cov_error,0.04082902963766832
4,fiq_fm_block,cov_error,0.05064483233831515
0,fiq_fm_block,mean_error,0.01690320723705199
1,fiq_fm_block,mean_error,0.014497433572333151
2,fiq_fm_block,mean_error,0.02041866333332192
3,fiq_fm_block,mean_error,0.017058695695339402
4,fiq_fm_block,mean_error,0.02074178082310498
0,fiq_fm_diagonal_ablation,sliced_w2,0.06815431274047143
1,fiq_fm_diagonal_ablation,sliced_w2,0.06585383382906926
2,fiq_fm_diagonal_ablation,sliced_w2,0.053413402034904376
3,fiq_fm_diagonal_ablation,sliced_w2,0.06253597274498457
4,fiq_fm_diagonal_ablation,sliced_w2,0.07104408931834395
0,fiq_fm_diagonal_ablation,mmd2,0.0017221266942986098
1,fiq_fm_diagonal_ablation,mmd2,0.002401899557258558
2,fiq_fm_diagonal_ablation,mmd2,0.0
3,fiq_fm_diagonal_ablation,mmd2,0.0008139615250412078
4,fiq_fm_diagonal_ablation,mmd2,0.002985301636643456
0,fiq_fm_diagonal_ablation,energy,0.008094595735071985
1,fiq_fm_diagonal_ablation,energy,0.01014904523427762
2,fiq_fm_diagonal_ablation,energy,0.003271102604344156
3,fiq_fm_diagonal_ablation,energy,0.005412504706492571
4,fiq_fm_diagonal_ablation,energy,0.01152453732957115
0,fiq_fm_diagonal_ablation,cov_error,0.10986253301518455
1,fiq_fm_diagonal_ablation,cov_error,0.11177008381190213
2,fiq_fm_diagonal_ablation,cov_error,0.09659905394050573
3,fiq_fm_diagonal_ablation,cov_error,0.12047984969700539
4,fiq_fm_diagonal_ablation,cov_error,0.12072889631720814
0,fiq_fm_diagonal_ablation,mean_error,0.020536783717513212
1,fiq_fm_diagonal_ablation,mean_error,0.01726231193887741
2,fiq_fm_diagonal_ablation,mean_error,0.013982661836754263
3,fiq_fm_diagonal_ablation,mean_error,0.017312291479852707
4,fiq_fm_diagonal_ablation,mean_error,0.016515065183961182
0,full_fm_param_matched,sliced_w2,0.06224710441431975
1,full_fm_param_matched,sliced_w2,0.05692230362150222
2,full_fm_param_matched,sliced_w2,0.058652353054204715
3,full_fm_param_matched,sliced_w2,0.06540949009853557
4,full_fm_param_matched,sliced_w2,0.06356286746718466
0,full_fm_param_matched,mmd2,0.003005934363001783
1,full_fm_param_matched,mmd2,0.0031406043927486584
2,full_fm_param_matched,mmd2,0.0011716781434754089
3,full_fm_param_matched,mmd2,0.00281458015126268
4,full_fm_param_matched,mmd2,0.003977551518736578
0,full_fm_param_matched,energy,0.012910020639258057
1,full_fm_param_matched,energy,0.012848851179884102
2,full_fm_param_matched,energy,0.006796984944505091
3,full_fm_param_matched,energy,0.012892175125174488
4,full_fm_param_matched,energy,0.017808540458774002
0,full_fm_param_matched,cov_error,0.06208224643208397
1,full_fm_param_matched,cov_error,0.0705555225265268
2,full_fm_param_matched,cov_error,0.04412569415714507
3,full_fm_param_matched,cov_error,0.07246900875050992
4,full_fm_param_matched,cov_error,0.04895515404011766
0,full_fm_param_matched,mean_error,0.026870260141431995
1,full_fm_param_matched,mean_error,0.02195585205496444
2,full_fm_param_matched,mean_error,0.024427291619798015
3,full_fm_param_matched,mean_error,0.023365366990776453
4,full_fm_param_matched,mean_error,0.027028911706746452
0,vae_lfm_diagonal,sliced_w2,0.07426501100998754
1,vae_lfm_diagonal,sliced_w2,0.06679953393275556
2,vae_lfm_diagonal,sliced_w2,0.06780292680469012
3,vae_lfm_diagonal,sliced_w2,0.07425203643527077
4,vae_lfm_diagonal,sliced_w2,0.07062716777685402
0,vae_lfm_diagonal,mmd2,0.0018531568391473296
1,vae_lfm_diagonal,mmd2,0.0017560823142929176
2,vae_lfm_diagonal,mmd2,0.00030430513679058335
3,vae_lfm_diagonal,mmd2,0.0019314309158136025
4,vae_lfm_diagonal,mmd2,0.001670429176153342
0,vae_lfm_diagonal,energy,0.009805901515650195
1,vae_lfm_diagonal,energy,0.008997884337079042
2,vae_lfm_diagonal,energy,0.004236143505689683
3,vae_lfm_diagonal,energy,0.011141090546777254
4,vae_lfm_diagonal,energy,0.010255941371621443
0,vae_lfm_diagonal,cov_error,0.11850224156872621
1,vae_lfm_diagonal,cov_error,0.11975320633653874
2,vae_lfm_diagonal,cov_error,0.10438016607208452
3,vae_lfm_diagonal,cov_error,0.130014676327765
4,vae_lfm_diagonal,cov_error,0.12897945624986576
0,vae_lfm_diagonal,mean_error,0.020669191897631985
1,vae_lfm_diagonal,mean_error,0.017373691357418096
2,vae_lfm_diagonal,mean_error,0.017060614495940082
3,vae_lfm_diagonal,mean_error,0.020712300417859315
4,vae_lfm_diagonal,mean_error,0.019104099438961072
0,rae_lfm_block,sliced_w2,0.06647833150943282
1,rae_lfm_block,sliced_w2,0.06090043617958381
2,rae_lfm_block,sliced_w2,0.06159707787557522
3,rae_lfm_block,sliced_w2,0.06748675274583019
4,rae_lfm_block,sliced_w2,0.062292837528384056
0,rae_lfm_block,mmd2,0.0011617193275130775
1,rae_lfm_block,mmd2,0.0015198994077911818
2,rae_lfm_block,mmd2,0.0
3,rae_lfm_block,mmd2,0.0007707629820861148
4,rae_lfm_block,mmd2,0.0012388506673515208
0,rae_lfm_block,energy,0.005754003966256027
1,rae_lfm_block,energy,0.007354094939775236
2,rae_lfm_block,energy,0.0028228464802613216
3,rae_lfm_block,energy,0.00622755636907657
4,rae_lfm_block,energy,0.006586571384228357
0,rae_lfm_block,cov_error,0.09649783859357039
1,rae_lfm_block,cov_error,0.09454244930417414
2,rae_lfm_block,cov_error,0.08308908191890925
3,rae_lfm_block,cov_error,0.12494711769775581
4,rae_lfm_block,cov_error,0.0985998177229452
0,rae_lfm_block,mean_error,0.018931653343701564
1,rae_lfm_block,mean_error,0.01395792143846424
2,rae_lfm_block,mean_error,0.01699649731788454
3,rae_lfm_block,mean_error,0.016131236397849188
4,rae_lfm_block,mean_error,0.014296374874245206
